Sushant 'D' : sushantdhage
 : stest495
Umaima Aasim Bate : sooo_lostin.universe
Sushant : __sushant_45
shivamsinhahahaha : atmaanirbharrrrrr
Rohit Parulekar : rohitparulekar007
मोहित सिंह : __behavemohit
Sonali Sahoo : sonali.sahoo15
Pratik : 007pratiksingh
Ayaan Shaikh : ayaan__shaikh2792
All Good : arnnavvvvv._
Aman : a.m.x.n
Affaan : affaan__
dhanshree : dhani_1596
Abhik Mirdha : abhikaldo_98
Himanshu Agarwal : himanshuag96
Gauri Babukumar : gauri71_
Harsh Jadhav : haarrssh_jadhav
A n a s  S h a i k h 🌻 : annzyshaikh96
khan : sam_khan9728
Ashutosh Kumar : hsotuhsa_kumar
Pradhnya Deshmukh : senpaiprada
Abhishek Mishra : mishrabhishek272021
Arnnav Todiwan. : arnnav.todiwan
Dhanshree : dhanshree_gurav
Rishabh Singh : rishabh456
Sudhir Nayak : nayaksudhir208
Aʙʜɪ V Sʜᴇʟᴋᴇ : abhishelke63
Derrik : derrikmk2
Shailesh Prasad : shaileshprasad27
Chaitanya Nayak : chaitanya4665
 : mishra___pradeep
حسن لامبي : hasanlambe
Madhavi : madhavi_n20
MAYANK ROY : windplus_mayank
राजन सरोज                   🍀 : rajan_saroj0005
Ipsita chakraborty : ipsita_chakrabarti
Nishant Bhandary : nishant_bhandary
Ankita Kishan Panchal : _ankitapanchal_
𝗔𝗻𝗶𝗸𝗲𝘁 𝗪𝗮𝘆𝗰𝗵𝗮𝗹 ♛ : anikettt.08
Atish Gamre : _aatish_25
Sanjit Phadke : sanjitp66
Siddharth Thakur : sid_d1001
Yash Salian : yash_salian_
Tejas Raut : tejas_raut3257
Abhishek : abhishek_makwana
Soham Morankar : soham.morankar
Bishnu Vishwakarma : karmainked06
Ashwin Iyer : ashwiniyer96
Keshav Parthasarathy : heavy.fuel
Benny : francisdrose96
👑ᴹᴿ- 𝔸𝕜𝕙𝕚𝕝 ℙ𝕣𝕒𝕜𝕒𝕤𝕙...👑 : w.e.l.l__._._c.h.e.c.k.e.d__
Bhumika Mehta : bhumika.mehta02
BHUDEV : bhudev_jangra
Unmesh Kupte : _uuunmeshh_
Ankit Mehra : ankitmehra910
Raksha Tiwari : raksha0507
Jeenita Mehta : jeenita_mehta
Regis Charles : wait_for_it______
Roshan Jaiswal : iroshanjaiswal
Gaurav Singh : ____gauravv____
Edit O Island | Susmi Roy : edit_o_island
शुभम देवरे : shubhamdevre_7
|=|!m∆l∆y. : himalay_0x0
Avinash Kalani. : aviinnaassshhhhhhh
Dhairya Shah : dhairya.shahh
Arnav Mishra : i_arnavvvvv
Sakshi : sakshi_shettyyy
YASH MHATRE : yasshhx
Abhilash Pradhan : abhilash_pradhan11
Gaurav : gaurav.jams
Joy's Cafe : joyscafenavimumbai
 : win_eeeet
Art / Drawing / Painting : best.of.the.arts
GIRISH SAWANT GS : _the_darkshadow_98
Huzefa hariyanawala : huzefa_h12
F. : faizans7
Akshay Rajarajan 💫 : a.k.k.u
Pankaj Aggarwal : pankaj_07173
Moody_Gamerz : moody_gamerz
Ninad Vibhute : ninad.vibhute
Dank memes for college teens : just.veseet.things
Abhinay Shukla : abhinay_shukla1
Shraddha Rai : shraddha_arr
Jaspreet : jaspreettk.saini
 : zaid_kapdi
Tarun Yadav : taru_n5606
विनायक पाडगांवकर : _addic7ed
Jidnyasa Tandel : jidnyasaaaaa
Prajwal Bhosale : pajubhosale
Tauqueer Akhtar : akhtartauqueer1
HIMANSHU : himanshuu_rawat
Saurav Shinde : space_walker_sky
Nikhil Vetal : gray_silence
nikita jaiswal : artist_nikita01
SURABHI 🌻 Travel : surbhying_around
Gaurav randive : gaurav_randive1
ᦓꫀ꠹ꪖꪶ ᛕ : sejal._.kothari
Vikrant Dharap : e.n.d.97
Shaurya Waghmare : shauryaawaghmare
 : the_cranky_one
Vanita : vanitapatel199
Kaif Mujawar : kaifmujawarr
shanaya sehgal : shanaya_sehgal_
Gaurav Malik : gauravmalik423
Manisha Joshi🌸 : __sian25__
꧁༒𝕾𝖜𝖆𝖙𝖎 𝕸𝖎𝖘𝖍𝖗𝖆༒꧂ : the.swati.mishra
Nikhil Borse : nikhilborse_06
ضماد شیرگونکر👑♍ : zeemad_shirgaonkar
Aakash Landge : _.i.m._.a.cash._
Tejaswi Pawar : pawar.tejaswi
my_virtualworld : my_virtualworld
Sanket Kadam : sanket_kadam14
Harshil Ashit Ganatra : haarsshill
New Spice World : new_spice_world
Atul Patil™ : atulpatil007
Suyash Tamore : suyyasshhh
Akshay : __im_akshay__
Jinang Vora : _aviator_j
Ehtsham Haider : simra.jan
Rosal saini : rosalsaini
Ashwath Shankarnarayan : ashwath_247
Sadhana Tripathi : sadhana_44
Shubham Mishra : shubhamjmishra
Varsha Oleti : varsha__oleti
Prateek Gupta : prateekhatesinsta
AWEZ : awezshaiikh
Umang Chandan : umang.chandan
Bhavana🌻 : bhavana121
G A U R I : gaurisoochik
Rikee Singh : rikee.singh
Chanchal : chanchalcp
Santosh Ramgiri : sannthosh55
Niranjan Kusampalli : niranjankusampalli
sushil saindane : sush__13
Saurabh More : moresaurabh.1
Om✨ : om_shelukar7
Anmol Khanna : anmol_rmcf
A d i : aditxsh
Abhishek Shukla : abhishek.shukla6
Pranav More : pm.co.in
Ashwini Deshmukh : ashwini_s_d
Disha Khatri : disha_khatri
Bhavish Kukreja : bhavish_kukreja
Susmita : susmita_patre
Kaushik Janmanchi : kaushik_kj20
Jitendra Sahoo : jitendras_
Shivvani Saun : shivanisaun
Kakshik : kakshik_patil
A K S H A Y   D H A S : _shay0077
Rohan Kumbhare : rohank1911
Shreya Honagekar : shreya.honagekar
Ashwin Poojary : ash_poojary1101
Adyasha. : adyashamohantyy
Vishal Maurya : _vishal.js
Pooja Gupta : _pg_2798
Pawan Shadija : shadija_pawan
Sanket Tawde : sankettawed
Lohit Saun : lohit_saun
ᴀsʜɪᴛᴛᴀ ᴀɴɴ sɪʟᴠᴇɴ 🌻 : ashittaaaaa
Soumya Soochik ☀️ : bitsieee
Akash Nimje : dauntless_greekgod
Swajay Chaudhary : iflyhighh
Sankalp Gurav : mushkil_h_maza_ayega
Vaibahv Kachare : vaibhav_kachare_
T@mb€ : anikettambe17
Swapnil Sonawane : swapnilsonawane11
MeEaN : naeemnasar
Sonu Singh : samgamer_official
P R ∆ S H ∆ N T 🐼 : _.engentado._
Sanjana Menon : mesnjana
Sparkling Minds 🚼 : sparkling.minds
Sachin Thokal : sachinthokal
Sadaf Sk : thatsweetangel
Rohit Narwani : rohit__narwani__
Twinkle Kaurr : twinkle.kaurr
balaaaaa...nair : balaaa_nair
Ammar Rajpurkar : ammarrajpurkar
Aniruddha Tate : aniruddha_tate
•YASH SHETTY• : yashcr7shetty
Mansha Collections : mansha_collections
shaleen soni : shaleensoniiii
Alisa. 💕💕🔥 : itz_her_lisa13
Sanil Bhoir : sanil_bhoir
Pien : callmeputchie
Alwyn Raju : alwyn_21
Siddharth Yalmali : sid_0603_
kishori mandhare : kishori_vm
kartikkumble : kartik_kumble
Orijit Sen : sen_orijit
Utkarsh Upadhyay : saffron_snipper
Shreyas Suresh : shreyas_333
Bhavesh Shah : bhaveshh3
Mandeep : mandeepp.singh
 : siddd_101
Pranav Patil : pranavpatil01
Shrenik Kuwad : shrenikkuwad
YASH SHARMA : yosh_sharma
Dr. Mansi Chavan : mansi.105
Kalpesh Jain : kalpesh09jain
Harshada patil : harshada_05_
Anjali Sudhanshu : anjalisudhanshu
Akash Singh : akashsingh077
Varun Chauhan : chauhanvarun1997
Shraddha Naik : shraddhank
Rushal Sharma : rushal_sharma
Priyanka Paymode : priyankapaymode
A M A A N🀄 : a.maaan_
Taabish Khan : taabish.khan
Amanpreet 🐒 : aman_0597
Nachiket : nachie_05
Ayush Dubey : aayushd_10
vaishnavi konde : vaishuuu_k
Mithil Anande : mithil_anande
Aparajita Prasad : apps1514
Re Live A Travel Shoppe : reliveatravelshoppe
Yashodhara Gutte : yashodhara___
Sushindran Vijendran : sush_in_d_run
Sanket Shinde : sank_rs
Swapnita Shinde : swapnita179
Kaustubh : traveller_on_earth
Nikhil_ Konar : nikhil__konar
Debdoot Chandra : rishuchandra
Babani Naik : babaninaik
Anil Babar : anil07s
akshay.vazirani 😎 : akshay_av
Prashun Shetty : prashun_shetty
Harshada Kamble : harshada.k15
Kunal Patil : kunalpatil.in
Akshay Ingale : okayyakshay
Sahil™ : sahil_pashilkar
Raj More : raj_2896
Vedantt Suryavanshi : holyfuckingheck
Rajeshwari Naraparaju : n_rajjii
Abhishek Sakpal : sakpal03
Brijesh Shirke : brijeshshirke
Rahul Baruah : chulkya
V A I B H A V.   S H E T T Y : slay_to_the_rhythm
Aniket Sakpal : aniket_wolfie
Manpreet Singh : manpreet_singh_basur
Mark ☨ : _sexy_jutsu
Indrajeet_Landge : inderzjeet
 : snehamadeshiya
Sharoof Ansari : sharoof_ansari
Karan Yadav : kaaranyadav
Vराग Dळvi : viragdalvi
Aseem Shaikh : aseem__sk21
Divya Ranganathan : _weirdpanda_
Adnan Kazi : k4kazi
Devarka dasgupta : devarka
Anjali Mishra : un_jhalliii
Shlok Chalke : shlokchalke
Prajwal : prajwalchokira
Raveena Punjabi : raveena16_
Dayanand Rajguru : rajgurudayanand
Akshay Tirlotkar : akshay_tirlotkar
Pranav Joshi : _.pranavjoshi._
Mayank Yadav : mayankyadav__
Megha Rao : megncheezze
Divakar Iyer : divakar_iyer
Chetan Chitte : chetann_19
Sanil Patel : patelsanil
Shivani taneja : shivanit1996
Aryan Mehra : aryan._.mehra
अक्षय केसरकर : akshay__kesarkar
Shreyas Hegde : shreyas.hegde.777
sudhish_menon : menon.sudhish
Sohail Jalghar : sohail_jalghar
Yash Gokhale : yashgokhale14
Ajinkya Kadam : ajinkyak15
Akshat Pandey : akshat_pandey_
Eshan Pawar : pawar_eshan
arundhati : arundhati_deshpande
Jigar Shethia : jigar_shethia
spidey_16 : adityasv16
Dev Chandivade : devchandivade
Basit Kapadi : basitkapadi
Justin Isaac : justin__isaac
اشرف شيخ : ashraf_0013
Megha Menon : megha__menon
 : bhaveshg__
Karishma Yadav : y.karishma
Saif : saifkhalife
Rakesh Pawar : rak.rp13
Rohan Sawant : _rohansawant_
Naveed Momin : naveed_m7
Azar Patel : patel_azar
Nut Nut : nattharika.khw
Sumeet Nabajja : thenabajja
Swapnil patil : swapnil_4488
Yasir Siddiqui : yasir_siddiqui_
Rohit Dhayatkar : rohitdhayatkar
Mustafa Sayed : mustafa_sayed__
Sourabh Thorve : sourabhthorve
Sandeep Mishra : sandymishra45
PIYUSH MHATRE 🦋 : piyushmhatre42
Anurag Bharadwaj : bhrdwj_anurag
Mayur Kumbla : mayurkumbla
Akshay Vazirani : vazirani_akkkkkkkki
𝓜𝓪𝔂𝓪𝓷𝓴 𝓡𝓸𝔂 : mr.roy.46
शुभम देवरे : shubhamdevre
Laksh Sah : laksssh_
Prithvish : prithvish_07
Som Sarkar : the_somsarkar
V A I B H A V : _.black.coffee._
AB❤ : anas_bamasaud_7
Nilesh Singh                 👽 : nilesh_cool_
Jyotsna Chauhan : chauhan_jyotsna
Lokesh Hinduja : lokeshhinduja
Nishi : shweta_bk
Abhishek Jha : abhishek.jha.316
Aditya Mishra : _thehammerofgods
Heramb Khanvilkar : _heyrum
Shriram Deshmukh : shriram_deshmukh
Anas Pawne : anas_8496
Rahil Naik : rahil_naik69
Shivam Mehta : shivam_mehta4
Rashmi : r45hmi
SHIVANI SAUN : shivanii_saun
Fahad Fakih : fahad_faki
Yash Mungekar : snake_i_z
neema : _rageni_bisht
Arun Nair : nairrrrrr
karim khan 😈 : karimkhan03
Aishwarya 🤎 : aishwarya.hande
Siddhant Navele : navele24
Sparsha : sparsha_1411
 : joysoni17
KeTan BhaRati : __ketan__07
Sohail naheem : sohail.naheem
